Tên công việc,Link chi tiết,Công ty,Khu vực,Lương,Hạn nộp hồ sơ
"<span class=""text text-truncate"">Nhân Viên Thương Mại Điện Tử</span>",https://timviecnhanh.com/tuyen-nhan-vien-thuong-mai-dien-tu-tp-hcm-100033569.html?svs=max_box,https://timviecnhanh.com/cong-ty-co-phan-longway-tuyen-dung-13094303.html,TP.HCM,12 - 15 triệu,05-04-2021
"<span class=""text text-truncate"">Nv Sale Marketing Kênh Thương Mại Điện Tử</span>",https://timviecnhanh.com/tuyen-nv-sale-marketing-kenh-thuong-mai-dien-tu-tp-hcm-100046879.html?svs=max_box,https://timviecnhanh.com/cong-ty-tnhh-thuong-mai-dien-may-gia-phat-tuyen-dung-13079139.html,TP.HCM,15 - 20 triệu,10-04-2021
"<span class=""text text-truncate"">Nhân Viên Quản Lý Sàn Thương Mại Điện Tử</span>",https://timviecnhanh.com/tuyen-nhan-vien-quan-ly-san-thuong-mai-dien-tu-tp-hcm-100046609.html?svs=max_box,https://timviecnhanh.com/cong-ty-tnhh-icon-and-denim-tuyen-dung-13050432.html,TP.HCM,12 - 15 triệu,20-04-2021
"<span class=""text text-truncate"">Nhân Viên Thương Mại Điện Tử + Kiêm Trợ Lý</span>",https://timviecnhanh.com/tuyen-nhan-vien-thuong-mai-dien-tu-kiem-tro-ly-binh-duong-100043309.html?svs=max_box,https://timviecnhanh.com/cong-ty-tnhh-ojc-vina-tuyen-dung-100021394.html,Bình Dương,12 - 15 triệu,10-04-2021
"<span class=""text text-truncate"">[Thefaceshop - Quận 1] Graphic Designer Mảng Thương Mại Điện Tử</span>",https://timviecnhanh.com/tuyen-thefaceshop-quan-1-graphic-designer-mang-thuong-mai-dien-tu-tp-hcm-100047993.html?svs=max_box,https://timviecnhanh.com/cong-ty-co-phan-hoa-sen-viet-thefaceshop-tuyen-dung-12481354.html,TP.HCM,10 - 12 triệu,28-04-2021
"<span class=""text text-truncate"">Nhân Viên Idea / R&amp;d - Thương Mại Điện Tử (Tại Quận 2)</span>",https://timviecnhanh.com/tuyen-nhan-vien-idea-r-d-thuong-mai-dien-tu-tai-quan-2-tp-hcm-100032917.html?svs=max_box,https://timviecnhanh.com/cong-ty-tnhh-huyen-thoai-rong-tuyen-dung-13111487.html,TP.HCM,7 - 10 triệu,08-04-2021
"<span class=""text text-truncate"">E-Commerce Manager (Quản Lý Thương Mại Điện Tử) - Thương Hiệu Marc Fashion</span>",https://timviecnhanh.com/tuyen-e-commerce-manager-quan-ly-thuong-mai-dien-tu-thuong-hieu-marc-fashion-tp-hcm-100043077.html?svs=max_box,https://timviecnhanh.com/cong-ty-cp-san-xuat-thuong-mai-net-viet-tuyen-dung-12949073.html,TP.HCM,20 - 25 triệu,15-04-2021
"<span class=""text text-truncate"">Nhân Viên Tư Vấn - Cskh Website Thương Mại Điện Tử (HCM, Vũng Tàu, Bình Dương)</span>",https://timviecnhanh.com/tuyen-nhan-vien-tu-van-cskh-website-thuong-mai-dien-tu-hcm-vung-tau-binh-duong-ha-noi-100038389.html?svs=max_box,https://timviecnhanh.com/cong-ty-co-phan-propertyguru-viet-nam-tuyen-dung-10029269.html,Hà NộiTP.HCM...,12 - 15 triệu,11-04-2021
"<span class=""text text-truncate"">Technical Support</span>",https://timviecnhanh.com/tuyen-technical-support-tp-hcm-100044049.html?svs=max_box,https://timviecnhanh.com/cong-ty-tnhh-thuong-mai-dien-tu-isuccess-tuyen-dung-12751236.html,TP.HCM,7 - 10 triệu,10-04-2021
"<span class=""text text-truncate""><i class=""label-urgent"">(Gấp)</i>[Stda]-Chuyên Viên Tư Vấn Bđs - Lương Cứng Tới 12 Triệu - Thu Nhập Từ 20 Đến 100 Triệu / Tháng</span>",https://timviecnhanh.com/tuyen-stda-chuyen-vien-tu-van-bds-luong-cung-toi-12-trieu-thu-nhap-tu-20-den-100-trieu-thang-ha-noi-100035318.html?svs=max_box,https://timviecnhanh.com/cenland-cong-ty-co-phan-bat-dong-san-the-ky-tuyen-dung-13023568.html,Hà Nội,Trên 50 triệu,20-04-2021
"<span class=""text text-truncate"">Chuyên Viên Kinh Doanh Bất Động Sản (Thu Nhập Trên 50 Triệu / Tháng)</span>",https://timviecnhanh.com/tuyen-chuyen-vien-kinh-doanh-bat-dong-san-thu-nhap-tren-50-trieu-thang-tp-hcm-100044675.html?svs=max_box,https://timviecnhanh.com/cong-ty-tnhh-kinh-doanh-an-gia-homes-tuyen-dung-100018184.html,TP.HCM,Trên 50 triệu,17-04-2021
"<span class=""text text-truncate"">Nhân Viên Tư Vấn Kinh Doanh Bđs (Lcb Đến 15 Triệu / Tháng) - Đi Làm Ngay</span>",https://timviecnhanh.com/tuyen-nhan-vien-tu-van-kinh-doanh-bds-lcb-den-15-trieu-thang-di-lam-ngay-tp-hcm-100047050.html?svs=max_box,https://timviecnhanh.com/cty-cp-tu-van-va-dau-tu-bds-an-khang-tuyen-dung-12619228.html,TP.HCM,40 - 50 triệu,10-04-2021
"<span class=""text text-truncate"">Nhân Viên Tư Vấn Bất Động Sản - Hh Đến 70% (Phòng Vấn Đi Làm Ngay)</span>",https://timviecnhanh.com/tuyen-nhan-vien-tu-van-bat-dong-san-hh-den-70-phong-van-di-lam-ngay-tp-hcm-100035237.html?svs=max_box,https://timviecnhanh.com/cong-ty-tnhh-hoozing-tuyen-dung-12970007.html,TP.HCM,40 - 50 triệu,11-04-2021
"<span class=""text text-truncate"">Nhân Viên Tư Vấn Kinh Doanh Lương Cứng Trên 10Tr - Đi Làm Ngay</span>",https://timviecnhanh.com/tuyen-nhan-vien-tu-van-kinh-doanh-luong-cung-tren-10tr-di-lam-ngay-tp-hcm-100050284.html?svs=max_box,https://timviecnhanh.com/cong-ty-tnhh-kinh-doanh-dia-oc-loc-phat-tuyen-dung-13111326.html,TP.HCM,25 - 30 triệu,20-04-2021
"<span class=""text text-truncate"">Nhân Viên Kinh Doanh Tư Vấn Bất Động Sản</span>",https://timviecnhanh.com/tuyen-nhan-vien-kinh-doanh-tu-van-bat-dong-san-tp-hcm-100045112.html?svs=max_box,https://timviecnhanh.com/cong-ty-dia-oc-hung-thinh-ct-cp-property-x-tuyen-dung-12580362.html,TP.HCM,15 - 20 triệu,05-04-2021
"<span class=""text text-truncate""><i class=""label-urgent"">(Gấp)</i>Nhân Viên Telesales (Đi Làm Ngay)</span>",https://timviecnhanh.com/tuyen-nhan-vien-telesales-di-lam-ngay-tp-hcm-100049839.html?svs=max_box,https://timviecnhanh.com/cong-ty-tnhh-viva-viet-nam-tuyen-dung-100013683.html,TP.HCM,10 - 12 triệu,28-04-2021
"<span class=""text text-truncate"">Kỹ Sư Cơ Khí</span>",https://timviecnhanh.com/tuyen-ky-su-co-khi-binh-duong-100050102.html?svs=max_box,https://timviecnhanh.com/cong-ty-tnhh-hung-hai-thinh-tuyen-dung-100023610.html,Bình Dương,10 - 12 triệu,10-04-2021
"<span class=""text text-truncate"">Chuyên Viên Tư Vấn Bđs Lương Cứng Lên Đến 15Tr (Được Hỗ Trợ Phí Marketing)</span>",https://timviecnhanh.com/tuyen-chuyen-vien-tu-van-bds-luong-cung-len-den-15tr-duoc-ho-tro-phi-marketing-tp-hcm-100050080.html?svs=max_box,https://timviecnhanh.com/cong-ty-co-phan-bat-dong-san-unihomes-tuyen-dung-12890542.html,TP.HCMBình Dương,12 - 15 triệu,12-04-2021
"<span class=""text text-truncate"">Tư Vấn Viên - Đi Làm Ngay - Nghỉ Thứ 7 / Chủ Nhật</span>",https://timviecnhanh.com/tuyen-tu-van-vien-di-lam-ngay-nghi-thu-7-chu-nhat-ha-noi-100049714.html?svs=max_box,https://timviecnhanh.com/lead-capital-partners-tuyen-dung-13093777.html,Hà Nội,7 - 10 triệu,20-04-2021
"<span class=""text text-truncate"">Nhân Viên Kho Dược - Hà Nội (Đi Làm Ngay)</span>",https://timviecnhanh.com/tuyen-nhan-vien-kho-duoc-ha-noi-di-lam-ngay-ha-noi-100049440.html?svs=max_box,https://timviecnhanh.com/cong-ty-tnhh-buymed-tuyen-dung-12963174.html,Hà Nội,7 - 10 triệu,10-04-2021
"<span class=""text text-truncate"">Vimefulland - Chuyên Viên Tư Vấn Bđs Cao Cấp Có Lương Cứng - Thu Nhập Từ 50-200 Triệu / Tháng</span>",https://timviecnhanh.com/tuyen-vimefulland-chuyen-vien-tu-van-bds-cao-cap-co-luong-cung-thu-nhap-tu-50-200-trieu-thang-ha-noi-100049197.html?svs=max_box,https://timviecnhanh.com/bat-dong-san-vimefulland-tuyen-dung-100023095.html,Hà Nội,Trên 50 triệu,30-04-2021
"<span class=""text text-truncate"">Chuyên Viên Kinh Doanh Bất Động Sản Lương Cố Định 6-12Tr / Tháng - Thu Nhập Trên 50 Tr / Tháng - Đất Xanh</span>",https://timviecnhanh.com/tuyen-chuyen-vien-kinh-doanh-bat-dong-san-luong-co-dinh-6-12tr-thang-thu-nhap-tren-50-tr-thang-dat-xanh-ha-noi-100038918.html?svs=max_box,https://timviecnhanh.com/dia-oc-dat-xanh-mien-bac-tuyen-dung-12473361.html,Hà Nội,30 - 40 triệu,25-04-2021
"<span class=""text text-truncate"">Nhân Viên Tư Vấn Bất Động Sản - Có Lương Cứng - Thu Nhập Từ 50Tr</span>",https://timviecnhanh.com/tuyen-nhan-vien-tu-van-bat-dong-san-co-luong-cung-thu-nhap-tu-50tr-tp-hcm-100046365.html?svs=max_box,https://timviecnhanh.com/hana-group-cong-ty-cp-dt-hana-group-tuyen-dung-13103752.html,TP.HCM,25 - 30 triệu,06-04-2021
"<span class=""text text-truncate"">Chuyên Viên Tư Vấn Căn Hộ, Đất Nền - Nhà Phố Thu Nhập Trên 50 Triệu / Tháng</span>",https://timviecnhanh.com/tuyen-chuyen-vien-tu-van-can-ho-dat-nen-nha-pho-thu-nhap-tren-50-trieu-thang-tp-hcm-100048349.html?svs=max_box,https://timviecnhanh.com/cong-ty-cp-dt-va-dv-dat-xanh-mien-nam-tuyen-dung-12693992.html,TP.HCM,Trên 50 triệu,26-04-2021
"<span class=""text text-truncate"">Quản Lý Thi Công</span>",https://timviecnhanh.com/tuyen-quan-ly-thi-cong-kien-giang-100048153.html?svs=max_box,https://timviecnhanh.com/cong-ty-cp-thiet-ke-va-xay-dung-an-gia-khang-tuyen-dung-12935930.html,Kiên GiangCần Thơ,12 - 15 triệu,12-04-2021
"<span class=""text text-truncate"">Nhân Viên Kế Toán Thuế (HCM)</span>",https://timviecnhanh.com/tuyen-nhan-vien-ke-toan-thue-hcm-tp-hcm-100048753.html?svs=max_box,https://timviecnhanh.com/cong-ty-tnhh-top-star-textile-vietnam-tuyen-dung-13074847.html,TP.HCM,10 - 12 triệu,10-04-2021
"<span class=""text text-truncate"">Lương 15Tr - Nhân Viên Bán Hàng Qua Điện Thoại - Telesales</span>",https://timviecnhanh.com/tuyen-luong-15tr-nhan-vien-ban-hang-qua-dien-thoai-telesales-tp-hcm-100037129.html?svs=max_box,https://timviecnhanh.com/home-credit-viet-nam-tuyen-dung-12536202.html,TP.HCMChưa cập nhật,15 - 20 triệu,15-04-2021
"<span class=""text text-truncate"">Điện Thoại Viên Trực Tổng Đài - Mobifone</span>",https://timviecnhanh.com/tuyen-dien-thoai-vien-truc-tong-dai-mobifone-tp-hcm-100048733.html?svs=max_box,https://timviecnhanh.com/cong-ty-co-phan-dich-vu-ky-thuat-mobifone-tuyen-dung-12850389.html,TP.HCM,7 - 10 triệu,25-04-2021
"<span class=""text text-truncate"">Nhân Viên Vận Hành Máy</span>",https://timviecnhanh.com/tuyen-nhan-vien-van-hanh-may-dong-nai-100046297.html?svs=max_box,https://timviecnhanh.com/cong-ty-tnhh-nestle-viet-nam-tuyen-dung-12690655.html,Đồng Nai,7 - 10 triệu,21-04-2021
"<span class=""text text-truncate"">Nhân Viên Tư Vấn Không Yêu Cầu Kinh Nghiệm - Đi Làm Ngay</span>",https://timviecnhanh.com/tuyen-nhan-vien-tu-van-khong-yeu-cau-kinh-nghiem-di-lam-ngay-tp-hcm-100046123.html?svs=max_box,https://timviecnhanh.com/cong-ty-tnhh-truyen-thong-va-quang-cao-sieu-kinh-doanh-tuyen-dung-12631217.html,TP.HCM,7 - 10 triệu,09-04-2021
"<span class=""text text-truncate"">Nhân Viên Kinh Doanh Xuất - Nhập Khẩu - Đi làm ngay ( Thu nhập trên 12 triệu/ tháng )</span>",https://timviecnhanh.com/tuyen-nhan-vien-kinh-doanh-xuat-nhap-khau-di-lam-ngay-thu-nhap-tren-12-trieu-thang-ha-noi-100047855.html?svs=max_box,https://timviecnhanh.com/chi-nhanh-ha-noi-cong-ty-tnhh-van-tai-va-tiep-van-toan-cau-tuyen-dung-13058353.html,Hà Nội,10 - 12 triệu,07-04-2021
"<span class=""text text-truncate"">NV Chăm Sóc Khách Hàng Và Nhận Đơn Hàng Qua Điện Thoại Lương 200 Triệu / Năm</span>",https://timviecnhanh.com/tuyen-nv-cham-soc-khach-hang-va-nhan-don-hang-qua-dien-thoai-luong-200-trieu-nam-tp-hcm-100047946.html?svs=max_box,https://timviecnhanh.com/cong-ty-cp-sx-tm-dv-xnk-dai-dinh-nguyen-tuyen-dung-12643373.html,TP.HCM,7 - 10 triệu,12-04-2021
"<span class=""text text-truncate"">Chuyên Viên Tư Vấn Bất Động Sản - Thu Nhập Trên 30 Triệu</span>",https://timviecnhanh.com/tuyen-chuyen-vien-tu-van-bat-dong-san-thu-nhap-tren-30-trieu-tp-hcm-100042648.html?svs=max_box,https://timviecnhanh.com/cong-ty-co-phan-dau-tu-va-tu-van-nam-land-tuyen-dung-13088335.html,TP.HCM,30 - 40 triệu,10-04-2021
"<span class=""text text-truncate"">Kỹ Sư Điện</span>",https://timviecnhanh.com/tuyen-ky-su-dien-quang-nam-100047229.html?svs=max_box,https://timviecnhanh.com/cong-ty-tnhh-mtv-dau-tu-va-xay-dung-tan-hoang-phat-tuyen-dung-12766189.html,Quảng NamĐà Nẵng...,7 - 10 triệu,08-05-2021
"<span class=""text text-truncate"">Bình Dương, Đồng Nai, HCM - Nhân Viên Tư Vấn Tuyển Sinh</span>",https://timviecnhanh.com/tuyen-binh-duong-dong-nai-hcm-nhan-vien-tu-van-tuyen-sinh-binh-duong-100047334.html?svs=max_box,https://timviecnhanh.com/anh-van-hoi-viet-my-cong-ty-co-phan-quoc-te-anh-van-hoi-viet-my-tuyen-dung-12678530.html,Bình DươngTP.HCM...,7 - 10 triệu,10-04-2021
"<span class=""text text-truncate"">Tài Xế Xe Nâng - Tại Biên Hòa</span>",https://timviecnhanh.com/tuyen-tai-xe-xe-nang-tai-bien-hoa-dong-nai-100046301.html?svs=max_box,https://timviecnhanh.com/cong-ty-tnhh-nestle-viet-nam-tuyen-dung-12690655.html,Đồng Nai,7 - 10 triệu,21-04-2021
"<span class=""text text-truncate"">Kỹ Sư Kinh Doanh - Thiết Bị Tự Động Hóa</span>",https://timviecnhanh.com/tuyen-ky-su-kinh-doanh-thiet-bi-tu-dong-hoa-tp-hcm-100044971.html?svs=max_box,https://timviecnhanh.com/cong-ty-cp-cong-nghe-cao-le-gia-tuyen-dung-12575259.html,TP.HCM,12 - 15 triệu,30-04-2021
"<span class=""text text-truncate"">Nhân Viên Kinh Doanh (Thu Nhập Từ 10 Triệu- Đi Làm Ngay)</span>",https://timviecnhanh.com/tuyen-nhan-vien-kinh-doanh-thu-nhap-tu-10-trieu-di-lam-ngay-ha-noi-100045750.html?svs=max_box,https://timviecnhanh.com/cong-ty-tnhh-cong-nghe-va-dich-vu-nang-luong-phu-thanh-tuyen-dung-13099587.html,Hà NộiTP.HCM,10 - 12 triệu,10-04-2021
"<span class=""text text-truncate"">Nhân Viên Tư Vấn - Đi Làm Ngay (Thu Nhập Từ 15 Triệu)</span>",https://timviecnhanh.com/tuyen-nhan-vien-tu-van-di-lam-ngay-thu-nhap-tu-15-trieu-tp-hcm-100028910.html?svs=max_box,https://timviecnhanh.com/daiichi-life-chi-nhanh-binh-tan-cty-tnhh-mtv-an-phat-cuong-thinh-tuyen-dung-100014284.html,TP.HCM,12 - 15 triệu,10-04-2021
"<span class=""text text-truncate"">Q. Bình Thạnh - Nhân Viên Tư Vấn Tài Chính</span>",https://timviecnhanh.com/tuyen-q-binh-thanh-nhan-vien-tu-van-tai-chinh-tp-hcm-100045197.html?svs=max_box,https://timviecnhanh.com/ct-cp-dau-tu-dao-tao-quoc-te-vtrader-tuyen-dung-13085608.html,TP.HCM,12 - 15 triệu,10-04-2021
"<span class=""text text-truncate"">Q. Bình Thạnh - Nhân Viên Tư Vấn Tài Chính</span>",https://timviecnhanh.com/tuyen-q-binh-thanh-nhan-vien-tu-van-tai-chinh-tp-hcm-100045197.html?svs=max_box,https://timviecnhanh.com/ct-cp-dau-tu-dao-tao-quoc-te-vtrader-tuyen-dung-13085608.html,TP.HCM,12 - 15 triệu,10-04-2021
"<span class=""text text-truncate"">Nhân Viên Kỹ Thuật (Cm)</span>",https://timviecnhanh.com/tuyen-nhan-vien-ky-thuat-cm-binh-duong-100043745.html?svs=max_box,https://timviecnhanh.com/cong-ty-tnhh-sharp-manufacturing-viet-nam-tuyen-dung-13061044.html,Bình Dương,7 - 10 triệu,31-03-2021
"<span class=""text text-truncate"">Giám Sát Kỹ Thuật Test</span>",https://timviecnhanh.com/tuyen-giam-sat-ky-thuat-test-binh-duong-100043770.html?svs=max_box,https://timviecnhanh.com/cong-ty-tnhh-sharp-manufacturing-viet-nam-tuyen-dung-13061044.html,Bình Dương,12 - 15 triệu,31-03-2021
"<span class=""text text-truncate"">Nhân Viên Quản Lý Trang Thiết Bị</span>",https://timviecnhanh.com/tuyen-nhan-vien-quan-ly-trang-thiet-bi-binh-duong-100043664.html?svs=max_box,https://timviecnhanh.com/cong-ty-tnhh-sharp-manufacturing-viet-nam-tuyen-dung-13061044.html,Bình Dương,7 - 10 triệu,31-03-2021
"<span class=""text text-truncate"">Nhân Viên Telesale (Tư vấn, Chăm sóc Khách Hàng) Thu Nhập Từ 15-30 Triệu</span>",https://timviecnhanh.com/tuyen-nhan-vien-telesale-tu-van-cham-soc-khach-hang-thu-nhap-tu-15-30-trieu-tp-hcm-100045289.html?svs=max_box,https://timviecnhanh.com/cong-ty-tnhh-dv-tu-van-duc-thien-phong-tuyen-dung-13006450.html,TP.HCM,15 - 20 triệu,30-04-2021
"<span class=""text text-truncate"">Nhân Viên Thu Mua / Logistics - Biết Tiếng Hoa</span>",https://timviecnhanh.com/tuyen-nhan-vien-thu-mua-logistics-biet-tieng-hoa-binh-duong-100044842.html?svs=max_box,https://timviecnhanh.com/cong-ty-tnhh-topband-viet-nam-tuyen-dung-13014086.html,Bình DươngĐồng Nai,15 - 20 triệu,19-04-2021
"<span class=""text text-truncate"">Nhân Viên Tư Vấn (Lương 10 - 15 Triệu)</span>",https://timviecnhanh.com/tuyen-nhan-vien-tu-van-luong-10-15-trieu-tp-hcm-100023557.html?svs=max_box,https://timviecnhanh.com/cong-ty-tnhh-phuong-nam-vina-tuyen-dung-12539087.html,TP.HCM,12 - 15 triệu,20-04-2021
"<span class=""text text-truncate"">Nhân Viên Kinh Doanh (Lương Cơ Bản Từ 5 - 10 Triệu)</span>",https://timviecnhanh.com/tuyen-nhan-vien-kinh-doanh-luong-co-ban-tu-5-10-trieu-tp-hcm-100046042.html?svs=max_box,https://timviecnhanh.com/cong-ty-tnhh-bat-dong-san-minh-anh-garden-tuyen-dung-100022898.html,TP.HCM,12 - 15 triệu,10-04-2021
"<span class=""text text-truncate"">Nhân Viên Kinh Doanh Tư Vấn Bđs (Có Lương Cứng + Thu Nhập Không Giới Hạn)</span>",https://timviecnhanh.com/tuyen-nhan-vien-kinh-doanh-tu-van-bds-co-luong-cung-thu-nhap-khong-gioi-han-bac-ninh-100045820.html?svs=max_box,https://timviecnhanh.com/cong-ty-co-phan-viet-nhan-bac-ninh-tuyen-dung-100023273.html,Bắc NinhHà Nội...,15 - 20 triệu,05-04-2021
"<span class=""text text-truncate""><i class=""label-urgent"">(Gấp)</i>Nhân Viên Sale Xuất Nhập Khẩu - Thu Nhập Cứng Trên 10 Triệu / Tháng</span>",https://timviecnhanh.com/tuyen-nhan-vien-sale-xuat-nhap-khau-thu-nhap-cung-tren-10-trieu-thang-ha-noi-100045780.html?svs=max_box,https://timviecnhanh.com/thang-long-capital-jsc-tuyen-dung-12753680.html,Hà Nội,12 - 15 triệu,05-04-2021
"<span class=""text text-truncate"">Q.2 Tư Vấn Tài Chính Chứng Khoán Được Đào Tạo</span>",https://timviecnhanh.com/tuyen-q-2-tu-van-tai-chinh-chung-khoan-duoc-dao-tao-tp-hcm-100044714.html?svs=max_box,https://timviecnhanh.com/cong-ty-tnhh-athemis-tuyen-dung-13078576.html,TP.HCM,15 - 20 triệu,10-04-2021
"<span class=""text text-truncate"">Nhân Viên Tư Vấn Văn Phòng Làm Việc Tại Tân Bình</span>",https://timviecnhanh.com/tuyen-nhan-vien-tu-van-van-phong-lam-viec-tai-tan-binh-tp-hcm-100044499.html?svs=max_box,https://timviecnhanh.com/cong-ty-tnhh-truyen-thong-figo-tuyen-dung-12961880.html,TP.HCM,12 - 15 triệu,09-04-2021
"<span class=""text text-truncate"">[ Lương 40 - 60 Triệu ] - Kỹ Sư Bằng Cơ Khí Làm Việc Tại Nhật Bản</span>",https://timviecnhanh.com/tuyen-luong-40-60-trieu-ky-su-bang-co-khi-lam-viec-tai-nhat-ban-ha-noi-100044451.html?svs=max_box,https://timviecnhanh.com/cong-ty-tnhh-hop-tac-phat-trien-nguon-nhan-luc-winwinjapan-tuyen-dung-12873711.html,Hà NộiBắc Giang...,40 - 50 triệu,09-04-2021
"<span class=""text text-truncate""><i class=""label-urgent"">(Gấp)</i>Nhân Viên Tư Vấn Lương Cứng 10 Triệu/Tháng - Làm Tại Quận 1, Quận 2</span>",https://timviecnhanh.com/tuyen-nhan-vien-tu-van-luong-cung-10-trieu-thang-lam-tai-quan-1-quan-2-tp-hcm-100041165.html?svs=max_box,https://timviecnhanh.com/cong-ty-cp-dau-tu-dia-oc-vietsun-tuyen-dung-13082577.html,TP.HCM,7 - 10 triệu,14-04-2021
"<span class=""text text-truncate"">Nhân Viên Tư Vấn Có Lương Cứng (Thu Nhập 30 - 50Tr / Tháng)</span>",https://timviecnhanh.com/tuyen-nhan-vien-tu-van-co-luong-cung-thu-nhap-30-50tr-thang-tp-hcm-100042523.html?svs=max_box,https://timviecnhanh.com/cty-cpdt-bds-phuc-thinh-tuyen-dung-12698332.html,TP.HCM,25 - 30 triệu,14-04-2021
"<span class=""text text-truncate"">Nhân Viên Kinh Doanh Online  Ngành Điện Máy -  Lương Trên 10 Triệu</span>",https://timviecnhanh.com/tuyen-nhan-vien-kinh-doanh-online-nganh-dien-may-luong-tren-10-trieu-ha-noi-100039952.html?svs=max_box,https://timviecnhanh.com/cong-ty-tnhh-dien-may-binh-son-tuyen-dung-13019544.html,Hà Nội,10 - 12 triệu,12-04-2021
"<span class=""text text-truncate"">Nhân Viên Tư Vấn / CSKH (Đi Làm Ngay- Quận 9)</span>",https://timviecnhanh.com/tuyen-nhan-vien-tu-van-cskh-di-lam-ngay-quan-9-tp-hcm-100046645.html?svs=max_box,https://timviecnhanh.com/cong-ty-tnhh-dich-vu-truyen-thong-focus-tuyen-dung-13072631.html,TP.HCMBình Dương,7 - 10 triệu,09-04-2021
"<span class=""text text-truncate"">Nhân Viên Thiết Kế Kiêm Bảo Trì Văn Phòng</span>",https://timviecnhanh.com/tuyen-nhan-vien-thiet-ke-kiem-bao-tri-van-phong-tp-hcm-100050414.html?svs=max_box,https://timviecnhanh.com/cty-tai-chinh-tnhh-mtv-mirae-asset-viet-nam-tuyen-dung-12890273.html,TP.HCM,10 - 12 triệu,12-04-2021
"<span class=""text text-truncate"">[Hồ Chí Minh] Chuyên Viên Thu Hồi Nợ Qua Điện Thoại - Nhóm B2 - B5</span>",https://timviecnhanh.com/tuyen-ho-chi-minh-chuyen-vien-thu-hoi-no-qua-dien-thoai-nhom-b2-b5-tp-hcm-100035420.html?svs=max_box,https://timviecnhanh.com/shb-finance-cong-ty-tai-chinh-tnhh-mtv-ngan-hang-tmcp-sai-gon-ha-noi-tuyen-dung-12949023.html,TP.HCM,20 - 25 triệu,30-04-2021
"<span class=""text text-truncate"">Thư Ký / Trợ Lý Giám Đốc</span>",https://timviecnhanh.com/tuyen-thu-ky-tro-ly-giam-doc-tp-hcm-100050094.html?svs=max_box,https://timviecnhanh.com/cong-ty-cp-nhua-thanh-cong-tuyen-dung-10013100.html,TP.HCMLong An,7 - 10 triệu,13-04-2021
"<span class=""text text-truncate"">Nữ Kế Toán Tổng Hợp - Đi Làm Ngay</span>",https://timviecnhanh.com/tuyen-nu-ke-toan-tong-hop-di-lam-ngay-tp-hcm-100049401.html?svs=max_box,https://timviecnhanh.com/cong-ty-tnhh-lumitex-viet-nam-tuyen-dung-100012389.html,TP.HCM,10 - 12 triệu,13-04-2021
"<span class=""text text-truncate"">Nhân Viên Kỹ Thuật Tòa Nhà - Mipec Tây Sơn - Hà Nội</span>",https://timviecnhanh.com/tuyen-nhan-vien-ky-thuat-toa-nha-mipec-tay-son-ha-noi-ha-noi-100049353.html?svs=max_box,https://timviecnhanh.com/cong-ty-tnhh-dich-vu-va-quan-ly-mipec-tuyen-dung-12693617.html,Hà NộiBắc Ninh...,7 - 10 triệu,15-04-2021
"<span class=""text text-truncate"">Nhân Viên Tư Vấn Kinh Doanh (Thu Nhập 10 - 15 Triệu Trở Lên) - Đi Làm Ngay</span>",https://timviecnhanh.com/tuyen-nhan-vien-tu-van-kinh-doanh-thu-nhap-10-15-trieu-tro-len-di-lam-ngay-ha-noi-100048870.html?svs=max_box,https://timviecnhanh.com/vien-khoa-hoc-phat-trien-nhan-tai-va-tri-tue-viet-cong-ty-cp-dau-tu-va-phat-trien-thuong-gia-tuyen-dung-13092546.html,Hà Nội,7 - 10 triệu,09-04-2021
"<span class=""text text-truncate"">Nhân Viên Tư Vấn Thu Nhập Trên 12 Triệu</span>",https://timviecnhanh.com/tuyen-nhan-vien-tu-van-thu-nhap-tren-12-trieu-tp-hcm-100048735.html?svs=max_box,https://timviecnhanh.com/cong-ty-co-phan-dich-vu-tu-van-diamond-star-tuyen-dung-12943511.html,TP.HCM,12 - 15 triệu,30-04-2021
"<span class=""text text-truncate"">Nhân Viên Bán Hàng Qua Điện Thoại (10 - 20 Triệu)</span>",https://timviecnhanh.com/tuyen-nhan-vien-ban-hang-qua-dien-thoai-10-20-trieu-tp-hcm-100042418.html?svs=max_box,https://timviecnhanh.com/cong-ty-tnhh-sai-gon-bpo-tuyen-dung-12785843.html,TP.HCM,10 - 12 triệu,14-04-2021
"<span class=""text text-truncate"">Phó Phòng Thiết Kế Kết Cấu</span>",https://timviecnhanh.com/tuyen-pho-phong-thiet-ke-ket-cau-tp-hcm-100048544.html?svs=max_box,https://timviecnhanh.com/cong-ty-tnhh-xay-dung-thuong-mai-dich-vu-hong-tin-tuyen-dung-12969896.html,TP.HCM,15 - 20 triệu,15-04-2021
"<span class=""text text-truncate"">Nhân Viên Xuất Nhập Khẩu</span>",https://timviecnhanh.com/tuyen-nhan-vien-xuat-nhap-khau-tp-hcm-100048522.html?svs=max_box,https://timviecnhanh.com/cong-ty-tnhh-hoa-chat-thien-viet-tuyen-dung-12731191.html,TP.HCM,10 - 12 triệu,30-04-2021
"<span class=""text text-truncate"">Phó Phòng Kế Toán Dịch Vụ</span>",https://timviecnhanh.com/tuyen-pho-phong-ke-toan-dich-vu-tp-hcm-100048367.html?svs=max_box,https://timviecnhanh.com/cong-ty-tnhh-ke-toan-va-kiem-toan-phuong-nam-tuyen-dung-12771839.html,TP.HCM,15 - 20 triệu,15-04-2021
"<span class=""text text-truncate"">Nhân Viên Tư Vấn - Ngân Hàng Vpbank (Thu Nhập 10 - 15 Triệu)</span>",https://timviecnhanh.com/tuyen-nhan-vien-tu-van-ngan-hang-vpbank-thu-nhap-10-15-trieu-tp-hcm-100048078.html?svs=max_box,https://timviecnhanh.com/cong-ty-cp-pt-kinh-doanh-thinh-phat-tuyen-dung-12853918.html,TP.HCMHà Nội,10 - 12 triệu,27-04-2021
"<span class=""text text-truncate"">Nv Tư Vấn Mỹ Phẩm (Thefaceshop - HCM, Bình Dương)</span>",https://timviecnhanh.com/tuyen-nv-tu-van-my-pham-thefaceshop-hcm-binh-duong-tp-hcm-100048026.html?svs=max_box,https://timviecnhanh.com/cong-ty-co-phan-hoa-sen-viet-thefaceshop-tuyen-dung-12481354.html,TP.HCMBình Dương,7 - 10 triệu,19-04-2021
"<span class=""text text-truncate"">Nhân Viên Sale Xuất Nhập Khẩu</span>",https://timviecnhanh.com/tuyen-nhan-vien-sale-xuat-nhap-khau-ha-noi-100047945.html?svs=max_box,https://timviecnhanh.com/cong-ty-tnhh-charmpop-cards-tuyen-dung-12991245.html,Hà Nội,15 - 20 triệu,15-04-2021
"<span class=""text text-truncate"">Công Nhân Điện, Điều Hòa - Lương Trên 10 Triệu</span>",https://timviecnhanh.com/tuyen-cong-nhan-dien-dieu-hoa-luong-tren-10-trieu-ha-noi-100047714.html?svs=max_box,https://timviecnhanh.com/cong-ty-cp-cn-va-dt-tm-hai-anh-tuyen-dung-12680614.html,Hà NộiVĩnh Phúc,10 - 12 triệu,10-04-2021
"<span class=""text text-truncate"">Quản Lý Trình Dược Viên - Miền Nam (Thu Nhập Từ 20 Triệu)</span>",https://timviecnhanh.com/tuyen-quan-ly-trinh-duoc-vien-mien-nam-thu-nhap-tu-20-trieu-tp-hcm-100046933.html?svs=max_box,https://timviecnhanh.com/cong-ty-tnhh-tm-botania-tuyen-dung-12551924.html,TP.HCMBình Dương...,20 - 25 triệu,15-04-2021
"<span class=""text text-truncate"">Nhân Viên Kinh Doanh - Tư Vấn (Lương cứng 10Triệu/Tháng)</span>",https://timviecnhanh.com/tuyen-nhan-vien-kinh-doanh-tu-van-luong-cung-10trieu-thang-tp-hcm-100047504.html?svs=max_box,https://timviecnhanh.com/cong-ty-cp-dkrv-holdings-tuyen-dung-100024147.html,TP.HCM,10 - 12 triệu,08-04-2021
"<span class=""text text-truncate"">Nhân Viên Tư Vấn Sữa Abbott Toàn Quốc (Hồ Chí Minh Và Hà Nội)</span>",https://timviecnhanh.com/tuyen-nhan-vien-tu-van-sua-abbott-toan-quoc-ho-chi-minh-va-ha-noi-ha-noi-100047416.html?svs=max_box,https://timviecnhanh.com/interdist-cong-ty-co-phan-dich-vu-phan-phoi-va-ban-le-quoc-te-tuyen-dung-12327542.html,Hà NộiTP.HCM...,7 - 10 triệu,31-05-2021
"<span class=""text text-truncate"">Kế Toán Doanh Nghiệp</span>",https://timviecnhanh.com/tuyen-ke-toan-doanh-nghiep-ha-noi-100047248.html?svs=max_box,https://timviecnhanh.com/trung-tam-moi-truong-va-khoang-san-chi-nhanh-cong-ty-co-phan-dau-tu-cm-tuyen-dung-12596966.html,Hà Nội,7 - 10 triệu,08-04-2021
"<span class=""text text-truncate"">Nhân Viên Chứng Từ Biết Tiếng Anh</span>",https://timviecnhanh.com/tuyen-nhan-vien-chung-tu-biet-tieng-anh-tp-hcm-100045902.html?svs=max_box,https://timviecnhanh.com/cong-ty-tnhh-thuong-mai-lien-dai-phat-tuyen-dung-13040566.html,TP.HCM,7 - 10 triệu,06-04-2021
"<span class=""text text-truncate"">Nhân Viên Mua Hàng -  Purchase Officer</span>",https://timviecnhanh.com/tuyen-nhan-vien-mua-hang-purchase-officer-tp-hcm-100047051.html?svs=max_box,https://timviecnhanh.com/cong-ty-tnhh-noi-that-e3-zoes-creative-studio-tuyen-dung-100023869.html,TP.HCM,15 - 20 triệu,22-04-2021
"<span class=""text text-truncate"">Nhân Viên Tư Vấn-Chăm Sóc Khách Hàng</span>",https://timviecnhanh.com/tuyen-nhan-vien-tu-van-cham-soc-khach-hang-tp-hcm-100047052.html?svs=max_box,https://timviecnhanh.com/cty-tnhh-dao-tao-chau-a-thai-binh-duong-tuyen-dung-12733499.html,TP.HCM,10 - 12 triệu,17-04-2021
"<span class=""text text-truncate"">Warehouse Manager (Tiếng Nhật)</span>",https://timviecnhanh.com/tuyen-warehouse-manager-tieng-nhat-binh-duong-100046870.html?svs=max_box,https://timviecnhanh.com/cong-ty-tnhh-sharp-manufacturing-viet-nam-tuyen-dung-13061044.html,Bình Dương,30 - 40 triệu,31-03-2021
"<span class=""text text-truncate"">Nhân Viên Bảo Trì Thiết Bị (Khối Dp)</span>",https://timviecnhanh.com/tuyen-nhan-vien-bao-tri-thiet-bi-khoi-dp-binh-duong-14532710.html?svs=max_box,https://timviecnhanh.com/cong-ty-tnhh-sharp-manufacturing-viet-nam-tuyen-dung-13061044.html,Bình Dương,7 - 10 triệu,10-04-2021
"<span class=""text text-truncate"">Nhân Viên Kế Hoạch Sản Xuất</span>",https://timviecnhanh.com/tuyen-nhan-vien-ke-hoach-san-xuat-binh-duong-100043661.html?svs=max_box,https://timviecnhanh.com/cong-ty-tnhh-sharp-manufacturing-viet-nam-tuyen-dung-13061044.html,Bình Dương,7 - 10 triệu,31-03-2021
"<span class=""text text-truncate"">Nhân Viên Kho Vận</span>",https://timviecnhanh.com/tuyen-nhan-vien-kho-van-tp-hcm-100046597.html?svs=max_box,https://timviecnhanh.com/cong-ty-tnhh-maayan-tuyen-dung-100023248.html,TP.HCM,7 - 10 triệu,20-04-2021
"<span class=""text text-truncate"">Nhân Viên Tư Vấn Tài Chính - Kênh Bhnt</span>",https://timviecnhanh.com/tuyen-nhan-vien-tu-van-tai-chinh-kenh-bhnt-tp-hcm-100046660.html?svs=max_box,https://timviecnhanh.com/cty-tai-chinh-tnhh-mtv-mirae-asset-viet-nam-tuyen-dung-12890273.html,TP.HCMBình Dương...,7 - 10 triệu,06-04-2021
"<span class=""text text-truncate"">Kỹ Sư Kinh Doanh - HCM</span>",https://timviecnhanh.com/tuyen-ky-su-kinh-doanh-hcm-tp-hcm-100046203.html?svs=max_box,https://timviecnhanh.com/cong-ty-cp-dv-tm-cn-tau-thuy-vung-tau-tuyen-dung-12493541.html,TP.HCM,7 - 10 triệu,07-04-2021
"<span class=""text text-truncate"">Nhân Viên Tư Vấn Qua Điện Thoại (Làm Việc Tại Văn Phòng)</span>",https://timviecnhanh.com/tuyen-nhan-vien-tu-van-qua-dien-thoai-lam-viec-tai-van-phong-tp-hcm-100046103.html?svs=max_box,https://timviecnhanh.com/kiotviet-cong-ty-cp-phan-mem-citigo-tuyen-dung-13061375.html,TP.HCM,10 - 12 triệu,30-04-2021
"<span class=""text text-truncate"">Lao Động Phổ Thông - Đi Làm Ngay</span>",https://timviecnhanh.com/tuyen-lao-dong-pho-thong-di-lam-ngay-ha-noi-100046115.html?svs=max_box,https://timviecnhanh.com/cong-ty-tnhh-huyen-vinh-tuyen-dung-13083901.html,Hà Nội,7 - 10 triệu,17-04-2021
"<span class=""text text-truncate"">Thợ Điện Lạnh</span>",https://timviecnhanh.com/tuyen-tho-dien-lanh-tp-hcm-100046018.html?svs=max_box,https://timviecnhanh.com/cong-ty-tnhh-thuong-mai-phat-trien-tan-nang-nguyen-tuyen-dung-100023355.html,TP.HCMBình Dương,10 - 12 triệu,20-04-2021
"<span class=""text text-truncate"">Nhân Viên Nhắc Phí-Thu Hồi Qua Điện Thoại</span>",https://timviecnhanh.com/tuyen-nhan-vien-nhac-phi-thu-hoi-qua-dien-thoai-tp-hcm-100045403.html?svs=max_box,https://timviecnhanh.com/cong-ty-tai-chinh-van-loi-tuyen-dung-13074101.html,TP.HCM,15 - 20 triệu,13-04-2021
"<span class=""text text-truncate"">Chuyên Viên Tư Vấn</span>",https://timviecnhanh.com/tuyen-chuyen-vien-tu-van-tp-hcm-100043157.html?svs=max_box,https://timviecnhanh.com/cong-ty-cp-dau-tu-phat-trien-hung-vuong-sai-gon-tuyen-dung-13112702.html,TP.HCMHà Nội,40 - 50 triệu,15-04-2021
"<span class=""text text-truncate"">Quản Lý Sản Xuất  - Đi Làm Ngay</span>",https://timviecnhanh.com/tuyen-quan-ly-san-xuat-di-lam-ngay-ha-noi-100041864.html?svs=max_box,https://timviecnhanh.com/cong-ty-co-phan-omnisystem-vn-tuyen-dung-12933249.html,Hà Nội,12 - 15 triệu,08-04-2021
"<span class=""text text-truncate"">Nhân Viên Tư Vấn - Chăm Sóc Khách Hàng (10 - 20 Triệu / Tháng)</span>",https://timviecnhanh.com/tuyen-nhan-vien-tu-van-cham-soc-khach-hang-10-20-trieu-thang-ha-noi-100041748.html?svs=max_box,https://timviecnhanh.com/cong-ty-tnhh-transcosmos-viet-nam-tuyen-dung-12648791.html,Hà Nội,12 - 15 triệu,10-04-2021
"<span class=""text text-truncate"">Nhân Viên Kỹ Thuật Sơn Gò Ô Tô Tại Tp HCM - Đi Làm Ngay</span>",https://timviecnhanh.com/tuyen-nhan-vien-ky-thuat-son-go-o-to-tai-tp-hcm-di-lam-ngay-tp-hcm-100032814.html?svs=max_box,https://timviecnhanh.com/hang-taxi-tai-thanh-hung-tuyen-dung-12243517.html,TP.HCM,7 - 10 triệu,08-04-2021
"<span class=""text text-truncate"">Nhân Viên Telesale Đại Lý Vé Máy Bay Không Cần Kinh Nghiệm</span>",https://timviecnhanh.com/tuyen-nhan-vien-telesale-dai-ly-ve-may-bay-khong-can-kinh-nghiem-da-nang-100047592.html?svs=max_box,https://timviecnhanh.com/cong-ty-co-phan-sbay-viet-nam-tuyen-dung-12958650.html,Đà NẵngBình Dương...,10 - 12 triệu,10-04-2021
"<span class=""text text-truncate"">Nhân Viên Tư Vấn Kinh Doanh Bđs - Đi Làm Ngay</span>",https://timviecnhanh.com/tuyen-nhan-vien-tu-van-kinh-doanh-bds-di-lam-ngay-ha-noi-100048339.html?svs=max_box,https://timviecnhanh.com/cong-ty-tnhh-tu-van-bat-dong-san-sky-house-tuyen-dung-13097555.html,Hà Nội,20 - 25 triệu,08-04-2021
"<span class=""text text-truncate"">Nhân Viên IT Suport Công Nghệ Thông Tin Làm Ca Luân Phiên</span>",https://timviecnhanh.com/tuyen-nhan-vien-it-suport-cong-nghe-thong-tin-lam-ca-luan-phien-ha-noi-100049748.html?svs=max_box,https://timviecnhanh.com/chi-nhanh-macaus-cong-ty-tnhh-tm-tran-hong-quan-tuyen-dung-12858152.html,Hà Nội,10 - 12 triệu,25-04-2021
"<span class=""text text-truncate"">Nhân Viên Tư Vấn Bán Hàng (Sản Phẩm Cho Mẹ Và Bé)</span>",https://timviecnhanh.com/tuyen-nhan-vien-tu-van-ban-hang-san-pham-cho-me-va-be-ha-noi-100049720.html?svs=max_box,https://timviecnhanh.com/cong-ty-co-phan-be-bong-tuyen-dung-13110820.html,Hà Nội,7 - 10 triệu,12-04-2021
"<span class=""text text-truncate"">Nhân Viên Kế Toán</span>",https://timviecnhanh.com/tuyen-nhan-vien-ke-toan-tp-hcm-100049532.html?svs=max_box,https://timviecnhanh.com/cong-ty-tnhh-kho-van-viet-thang-long-tuyen-dung-10051088.html,TP.HCM,7 - 10 triệu,30-04-2021
"<span class=""text text-truncate"">Nhân Viên Văn Phòng - Tư Vấn Tuyển Sinh (Đi Làm Ngay)</span>",https://timviecnhanh.com/tuyen-nhan-vien-van-phong-tu-van-tuyen-sinh-di-lam-ngay-ha-noi-100049411.html?svs=max_box,https://timviecnhanh.com/trung-tam-music-talent-tuyen-dung-12906963.html,Hà Nội,7 - 10 triệu,10-04-2021
"<span class=""text text-truncate"">Nhân Viên Thủ Kho Làm Việc Tại Lê Văn Quới Bình Tân</span>",https://timviecnhanh.com/tuyen-nhan-vien-thu-kho-lam-viec-tai-le-van-quoi-binh-tan-tp-hcm-100047163.html?svs=max_box,https://timviecnhanh.com/cong-ty-tnhh-tm-va-dv-phu-gia-lac-tuyen-dung-12367016.html,TP.HCM,5 - 7 triệu,07-04-2021
