Tên công việc,Link chi tiết,Công ty,Khu vực,Lương,Hạn nộp hồ sơ
"<span class=""text text-truncate"">Nhân Viên Kỹ Thuật Điện - Tp.HCM</span>",https://timviecnhanh.com/tuyen-nhan-vien-ky-thuat-dien-tp-hcm-tp-hcm-100048539.html?svs=max_box,https://timviecnhanh.com/thiet-bi-nha-bep-junger-duc-cty-cpqt-rong-phuong-nam-tuyen-dung-12572175.html,TP.HCM,7 - 10 triệu,05-04-2021
"<span class=""text text-truncate"">Kỹ Sư Điện - Điện Lạnh</span>",https://timviecnhanh.com/tuyen-ky-su-dien-dien-lanh-ha-noi-100048734.html?svs=max_box,https://timviecnhanh.com/cong-ty-cp-ung-dung-ky-thuat-xay-dung-huce-tuyen-dung-12656931.html,Hà Nội,12 - 15 triệu,09-04-2021
"<span class=""text text-truncate"">Nhân Viên Kinh Doanh Thiết Bị (Thu Nhập Từ 10 Triệu) - Đi Làm Ngay</span>",https://timviecnhanh.com/tuyen-nhan-vien-kinh-doanh-thiet-bi-thu-nhap-tu-10-trieu-di-lam-ngay-binh-duong-100048501.html?svs=max_box,https://timviecnhanh.com/cong-ty-co-phan-thiet-bi-cong-nghiep-workman-tuyen-dung-100024249.html,Bình Dương,12 - 15 triệu,15-04-2021
"<span class=""text text-truncate"">Kỹ Sư Thiết Kế Điện Tự Động Hóa - Đi Làm Ngay</span>",https://timviecnhanh.com/tuyen-ky-su-thiet-ke-dien-tu-dong-hoa-di-lam-ngay-ha-noi-100048625.html?svs=max_box,https://timviecnhanh.com/cong-ty-co-phan-ung-dung-cong-nghe-cnc-viet-nam-tuyen-dung-12649240.html,Hà Nội,7 - 10 triệu,10-04-2021
"<span class=""text text-truncate"">Nhân Viên Thiết Kế Đồ Họa</span>",https://timviecnhanh.com/tuyen-nhan-vien-thiet-ke-do-hoa-binh-duong-100048524.html?svs=max_box,https://timviecnhanh.com/cong-ty-tnhh-pgt-reclaimed-viet-nam-tuyen-dung-12357292.html,Bình Dương,10 - 12 triệu,27-04-2021
"<span class=""text text-truncate"">Nhân Viên Tư Vấn Kinh Doanh Bđs -  Lương Đến 15 Triệu</span>",https://timviecnhanh.com/tuyen-nhan-vien-tu-van-kinh-doanh-bds-luong-den-15-trieu-tp-hcm-100047543.html?svs=max_box,https://timviecnhanh.com/tap-doan-nhat-tien-ct-tnhh-xd-nt-long-thanh-tuyen-dung-13093149.html,TP.HCMThừa Thiên Huế,10 - 12 triệu,07-04-2021
"<span class=""text text-truncate"">Chỉ Huy Trưởng / Chp Hệ M&amp;E: Điện, Nước, HVAC (Chiller), Pccc</span>",https://timviecnhanh.com/tuyen-chi-huy-truong-chp-he-m-e-dien-nuoc-hvac-chiller-pccc-tp-hcm-100047056.html?svs=max_box,https://timviecnhanh.com/cong-ty-co-phan-co-dien-lanh-thai-duc-lam-tuyen-dung-12638581.html,TP.HCM,15 - 20 triệu,06-04-2021
"<span class=""text text-truncate"">Nhân Viên Vẽ Shopdrawing Hệ M&amp;E: Điện, Nước, HVAC (Chiller), Pccc</span>",https://timviecnhanh.com/tuyen-nhan-vien-ve-shopdrawing-he-m-e-dien-nuoc-hvac-chiller-pccc-tp-hcm-100046289.html?svs=max_box,https://timviecnhanh.com/cong-ty-co-phan-co-dien-lanh-thai-duc-lam-tuyen-dung-12638581.html,TP.HCM,12 - 15 triệu,06-04-2021
"<span class=""text text-truncate"">Kỹ Sư Giám Sát M&amp;E Các Hệ: Điện, Nước, HVAC, Pccc</span>",https://timviecnhanh.com/tuyen-ky-su-giam-sat-m-e-cac-he-dien-nuoc-hvac-pccc-tp-hcm-100046263.html?svs=max_box,https://timviecnhanh.com/cong-ty-co-phan-co-dien-lanh-thai-duc-lam-tuyen-dung-12638581.html,TP.HCMBình Thuận,15 - 20 triệu,06-04-2021
"<span class=""text text-truncate"">Nhân Viên Kinh Doanh Tư Vấn Khách Hàng (Telesale) Thu Nhập 12-18 Triệu / Tháng Ổn Định</span>",https://timviecnhanh.com/tuyen-nhan-vien-kinh-doanh-tu-van-khach-hang-telesale-thu-nhap-12-18-trieu-thang-on-dinh-tp-hcm-100048222.html?svs=max_box,https://timviecnhanh.com/nha-vuon-khanh-vo-tuyen-dung-13111164.html,TP.HCM,12 - 15 triệu,22-04-2021
"<span class=""text text-truncate"">Chuyên Viên Quan Hệ Khách Hàng Cá Nhân (Cán Bộ Bán Hàng Cá Nhân - Rbo) - Tại Bình Dương</span>",https://timviecnhanh.com/tuyen-chuyen-vien-quan-he-khach-hang-ca-nhan-can-bo-ban-hang-ca-nhan-rbo-tai-binh-duong-binh-duong-100048191.html?svs=max_box,https://timviecnhanh.com/ngan-hang-tmcp-xuat-nhap-khau-viet-nam-chi-nhanh-binh-duong-eximbank-tuyen-dung-12860790.html,Bình DươngTP.HCM,15 - 20 triệu,28-04-2021
"<span class=""text text-truncate"">Nhân Viên Thao Tác Thiết Bị</span>",https://timviecnhanh.com/tuyen-nhan-vien-thao-tac-thiet-bi-quang-nam-100047665.html?svs=max_box,https://timviecnhanh.com/chi-nhanh-cong-ty-tnhh-uni-president-viet-nam-tai-quang-nam-tuyen-dung-10051085.html,Quảng Nam,5 - 7 triệu,10-04-2021
"<span class=""text text-truncate"">Nhân Viên Tư Vấn Môi Trường - Đi Làm Ngay</span>",https://timviecnhanh.com/tuyen-nhan-vien-tu-van-moi-truong-di-lam-ngay-ha-noi-100046686.html?svs=max_box,https://timviecnhanh.com/cong-ty-cp-dich-vu-va-phat-trien-truong-thanh-tuyen-dung-12936175.html,Hà Nội,12 - 15 triệu,06-04-2021
"<span class=""text text-truncate"">Nhân Viên Kho - Đi Làm Ngay</span>",https://timviecnhanh.com/tuyen-nhan-vien-kho-di-lam-ngay-tp-hcm-100048033.html?svs=max_box,https://timviecnhanh.com/cong-ty-tnhh-san-xuat-xnk-vinahardware-tuyen-dung-12819081.html,TP.HCMBình Dương,7 - 10 triệu,15-04-2021
"<span class=""text text-truncate"">Nhân Viên Kỹ Thuật HCM</span>",https://timviecnhanh.com/tuyen-nhan-vien-ky-thuat-hcm-tp-hcm-100046710.html?svs=max_box,https://timviecnhanh.com/cong-ty-tnhh-thuong-mai-dich-vu-cong-nghe-ky-thuat-khai-nguyen-tuyen-dung-13049024.html,TP.HCM,5 - 7 triệu,07-04-2021
"<span class=""text text-truncate"">Nhân Viên Thiết Kế Đồ Họa</span>",https://timviecnhanh.com/tuyen-nhan-vien-thiet-ke-do-hoa-ha-noi-100048017.html?svs=max_box,https://timviecnhanh.com/cong-ty-co-phan-bidgroup-tuyen-dung-100024422.html,Hà Nội,10 - 12 triệu,10-04-2021
"<span class=""text text-truncate"">Nhân Viên Telesale Tư Vấn Tín Dụng (Fecredit)</span>",https://timviecnhanh.com/tuyen-nhan-vien-telesale-tu-van-tin-dung-fecredit-tp-hcm-100047918.html?svs=max_box,https://timviecnhanh.com/cong-ty-tai-chinh-tnhh-mtv-ngan-hang-viet-nam-thinh-vuong-tuyen-dung-13026633.html,TP.HCM,15 - 20 triệu,20-04-2021
"<span class=""text text-truncate"">Nhân Viên Chứng Từ Xuất Nhập Khẩu</span>",https://timviecnhanh.com/tuyen-nhan-vien-chung-tu-xuat-nhap-khau-tp-hcm-100032804.html?svs=max_box,https://timviecnhanh.com/cong-ty-tnhh-rkw-viet-nam-tuyen-dung-10015543.html,TP.HCM,7 - 10 triệu,10-04-2021
"<span class=""text text-truncate"">Quản Lý Kinh Doanh - Thu Nhập Trên 15 Triệu</span>",https://timviecnhanh.com/tuyen-quan-ly-kinh-doanh-thu-nhap-tren-15-trieu-tp-hcm-100047544.html?svs=max_box,https://timviecnhanh.com/cong-ty-tnhh-bhnt-cathay-viet-nam-tuyen-dung-13111536.html,TP.HCM,15 - 20 triệu,12-04-2021
"<span class=""text text-truncate"">Nv Kinh Doanh Thu Nhập Từ 12 Triệu</span>",https://timviecnhanh.com/tuyen-nv-kinh-doanh-thu-nhap-tu-12-trieu-tp-hcm-100036851.html?svs=max_box,https://timviecnhanh.com/cong-ty-tnhh-ky-thuat-mhp-tuyen-dung-13020825.html,TP.HCM,10 - 12 triệu,10-04-2021
"<span class=""text text-truncate"">Giao Dịch Viên</span>",https://timviecnhanh.com/tuyen-giao-dich-vien-tp-hcm-100047221.html?svs=max_box,https://timviecnhanh.com/ngan-hang-thuong-mai-co-phan-ban-viet-tuyen-dung-12542251.html,TP.HCMHà Nội...,7 - 10 triệu,07-04-2021
"<span class=""text text-truncate"">Chuyên Viên Quan Hệ Khách Hàng Cá Nhân - Đi Làm Ngay</span>",https://timviecnhanh.com/tuyen-chuyen-vien-quan-he-khach-hang-ca-nhan-di-lam-ngay-tp-hcm-100047219.html?svs=max_box,https://timviecnhanh.com/ngan-hang-thuong-mai-co-phan-ban-viet-tuyen-dung-12542251.html,TP.HCMHà Nội...,7 - 10 triệu,07-04-2021
"<span class=""text text-truncate"">Chuyên Viên Quan Hệ Khách Hàng Doanh Nghiệp - Đi Làm Ngay</span>",https://timviecnhanh.com/tuyen-chuyen-vien-quan-he-khach-hang-doanh-nghiep-di-lam-ngay-tp-hcm-100047220.html?svs=max_box,https://timviecnhanh.com/ngan-hang-thuong-mai-co-phan-ban-viet-tuyen-dung-12542251.html,TP.HCMHà Nội...,7 - 10 triệu,07-04-2021
"<span class=""text text-truncate"">Nhân Viên Kỹ Thuật Điện Ô Tô</span>",https://timviecnhanh.com/tuyen-nhan-vien-ky-thuat-dien-o-to-ha-noi-100047667.html?svs=max_box,https://timviecnhanh.com/cong-ty-tnhh-shangchen-viet-nam-tuyen-dung-13106568.html,Hà Nội,10 - 12 triệu,20-04-2021
"<span class=""text text-truncate"">Human Resources And Adminitration Officer / Nhân Viên Nhân Sự Kiêm Hành Chính</span>",https://timviecnhanh.com/tuyen-human-resources-and-adminitration-officer-nhan-vien-nhan-su-kiem-hanh-chinh-tp-hcm-100047524.html?svs=max_box,https://timviecnhanh.com/cong-ty-tnhh-preformed-line-products-viet-nam-tuyen-dung-100018629.html,TP.HCM,12 - 15 triệu,26-04-2021
"<span class=""text text-truncate"">Thợ Điện Công Nghiệp - Đi Làm Ngay</span>",https://timviecnhanh.com/tuyen-tho-dien-cong-nghiep-di-lam-ngay-tp-hcm-100046293.html?svs=max_box,https://timviecnhanh.com/cong-ty-tnhh-ampfield-viet-nam-tuyen-dung-12345334.html,TP.HCM,10 - 12 triệu,05-04-2021
"<span class=""text text-truncate"">Nhân Viên Tư Vấn Tuyển Sinh</span>",https://timviecnhanh.com/tuyen-nhan-vien-tu-van-tuyen-sinh-tp-hcm-100046741.html?svs=max_box,https://timviecnhanh.com/trung-tam-ngoai-ngu-cong-dan-viet-tuyen-dung-13094272.html,TP.HCM,10 - 12 triệu,20-04-2021
"<span class=""text text-truncate"">Nhân Viên Tổ Chức Sự Kiện</span>",https://timviecnhanh.com/tuyen-nhan-vien-to-chuc-su-kien-tp-hcm-100046316.html?svs=max_box,https://timviecnhanh.com/cong-ty-tnhh-mtv-su-kien-phat-hoang-gia-tuyen-dung-13030883.html,TP.HCM,7 - 10 triệu,06-04-2021
"<span class=""text text-truncate"">Trưởng Phòng Sự Kiện</span>",https://timviecnhanh.com/tuyen-truong-phong-su-kien-tp-hcm-100046323.html?svs=max_box,https://timviecnhanh.com/cong-ty-tnhh-mtv-su-kien-phat-hoang-gia-tuyen-dung-13030883.html,TP.HCM,15 - 20 triệu,06-04-2021
"<span class=""text text-truncate"">Nhân Viên Văn Phòng (Tư Vấn Tài Chính) - Quận Tân Bình</span>",https://timviecnhanh.com/tuyen-nhan-vien-van-phong-tu-van-tai-chinh-quan-tan-binh-tp-hcm-100047062.html?svs=max_box,https://timviecnhanh.com/shinhan-vietnam-finance-company-limited-tuyen-dung-100009220.html,TP.HCM,10 - 12 triệu,23-04-2021
"<span class=""text text-truncate"">Nhân Viên Tư Vấn Chăm Sóc Khách Hàng</span>",https://timviecnhanh.com/tuyen-nhan-vien-tu-van-cham-soc-khach-hang-tp-hcm-100045340.html?svs=max_box,https://timviecnhanh.com/cong-ty-dau-tu-windsor-brokers-viet-nam-tuyen-dung-13103231.html,TP.HCM,12 - 15 triệu,10-04-2021
"<span class=""text text-truncate"">Trưởng Phòng Kinh Doanh Làm Việc Tại HCM</span>",https://timviecnhanh.com/tuyen-truong-phong-kinh-doanh-lam-viec-tai-hcm-tp-hcm-100046471.html?svs=max_box,https://timviecnhanh.com/cong-ty-co-phan-co-dien-phuc-thinh-tuyen-dung-100023154.html,TP.HCM,15 - 20 triệu,21-04-2021
"<span class=""text text-truncate"">Quận 2 - Nv Tư Vấn Bán Hàng (Cskh / Telesales)</span>",https://timviecnhanh.com/tuyen-quan-2-nv-tu-van-ban-hang-cskh-telesales-tp-hcm-100029575.html?svs=max_box,https://timviecnhanh.com/cong-ty-tnhh-mua-sam-tai-nha-vtv-hyundai-tuyen-dung-12985067.html,TP.HCM,7 - 10 triệu,15-04-2021
"<span class=""text text-truncate"">Kỹ Sư Phòng Đấu Thầu (Cấp Thoát Nước, Điều Hòa Không Khí)</span>",https://timviecnhanh.com/tuyen-ky-su-phong-dau-thau-cap-thoat-nuoc-dieu-hoa-khong-khi-tp-hcm-100046133.html?svs=max_box,https://timviecnhanh.com/cong-ty-tnhh-co-dien-huu-phat-tuyen-dung-12938528.html,TP.HCM,10 - 12 triệu,10-04-2021
"<span class=""text text-truncate"">Kế Toán Kho - Tổng Hợp Tại Hà Nội</span>",https://timviecnhanh.com/tuyen-ke-toan-kho-tong-hop-tai-ha-noi-ha-noi-100046678.html?svs=max_box,https://timviecnhanh.com/cong-ty-tnhh-thuong-mai-den-pha-le-tuyen-dung-13096773.html,Hà Nội,10 - 12 triệu,15-04-2021
"<span class=""text text-truncate"">Nhân Viên Kinh Doanh Làm Việc Tại HCM</span>",https://timviecnhanh.com/tuyen-nhan-vien-kinh-doanh-lam-viec-tai-hcm-tp-hcm-100046487.html?svs=max_box,https://timviecnhanh.com/cong-ty-co-phan-co-dien-phuc-thinh-tuyen-dung-100023154.html,TP.HCM,7 - 10 triệu,14-04-2021
"<span class=""text text-truncate"">Nam Nhân Viên Kho</span>",https://timviecnhanh.com/tuyen-nam-nhan-vien-kho-ha-noi-100046693.html?svs=max_box,https://timviecnhanh.com/cong-ty-tnhh-std-s-tuyen-dung-12999713.html,Hà Nội,7 - 10 triệu,10-04-2021
"<span class=""text text-truncate"">Nhân Viên Livestream (Dẫn Chương Trình) - Đi Làm Ngay</span>",https://timviecnhanh.com/tuyen-nhan-vien-livestream-dan-chuong-trinh-di-lam-ngay-tp-hcm-100037294.html?svs=max_box,https://timviecnhanh.com/cong-ty-tnhh-tham-my-vien-saigonstar-tuyen-dung-12843782.html,TP.HCM,10 - 12 triệu,08-04-2021
"<span class=""text text-truncate"">Nhân Viên Sale Tư Vấn Thẩm Mỹ (Thu Nhập Từ 12 - 20 Triệu)</span>",https://timviecnhanh.com/tuyen-nhan-vien-sale-tu-van-tham-my-thu-nhap-tu-12-20-trieu-tp-hcm-100046241.html?svs=max_box,https://timviecnhanh.com/cong-ty-tnhh-tham-my-vien-saigonstar-tuyen-dung-12843782.html,TP.HCM,12 - 15 triệu,15-04-2021
"<span class=""text text-truncate"">Nhân Viên Tư Vấn Khách Hàng (Lĩnh Vực Thời Trang)</span>",https://timviecnhanh.com/tuyen-nhan-vien-tu-van-khach-hang-linh-vuc-thoi-trang-ha-noi-100046377.html?svs=max_box,https://timviecnhanh.com/cong-ty-tnhh-sx-tm-dv-kasa-tuyen-dung-13108339.html,Hà Nội,7 - 10 triệu,25-04-2021
"<span class=""text text-truncate"">Kỹ Thuật Viên Vận Hành Sản Xuất - Nam (Long An)</span>",https://timviecnhanh.com/tuyen-ky-thuat-vien-van-hanh-san-xuat-nam-long-an-long-an-100046396.html?svs=max_box,https://timviecnhanh.com/cong-ty-tnhh-san-ha-tuyen-dung-12612988.html,Long An,7 - 10 triệu,17-10-2021
"<span class=""text text-truncate"">Nhân Viên Làm Việc Tại Văn Phòng</span>",https://timviecnhanh.com/tuyen-nhan-vien-lam-viec-tai-van-phong-ha-noi-100046210.html?svs=max_box,https://timviecnhanh.com/van-phong-bhnt-dai-ichi-life-hbt-hn-cong-ty-tnhh-dai-an-loc-phat-tuyen-dung-100023132.html,Hà Nội,15 - 20 triệu,15-04-2021
"<span class=""text text-truncate"">Nhân Viên Kế Toán</span>",https://timviecnhanh.com/tuyen-nhan-vien-ke-toan-tp-hcm-100044494.html?svs=max_box,https://timviecnhanh.com/cong-ty-tnhh-std-d-tuyen-dung-12896466.html,TP.HCM,7 - 10 triệu,10-04-2021
"<span class=""text text-truncate"">Nhân Viên Kinh Doanh Nội Địa</span>",https://timviecnhanh.com/tuyen-nhan-vien-kinh-doanh-noi-dia-tp-hcm-100044819.html?svs=max_box,https://timviecnhanh.com/cong-ty-tnhh-nang-luong-dinh-viet-tuyen-dung-13090464.html,TP.HCM,12 - 15 triệu,24-04-2021
"<span class=""text text-truncate"">Nhân Viên Nghiệp Vụ Theo Dõi Đơn Hàng</span>",https://timviecnhanh.com/tuyen-nhan-vien-nghiep-vu-theo-doi-don-hang-tay-ninh-100044267.html?svs=max_box,https://timviecnhanh.com/cong-ty-tnhh-ningbo-changya-plastic-viet-nam-tuyen-dung-12982199.html,Tây Ninh,15 - 20 triệu,15-04-2021
"<span class=""text text-truncate"">Chủ Quản Kho</span>",https://timviecnhanh.com/tuyen-chu-quan-kho-tay-ninh-100044285.html?svs=max_box,https://timviecnhanh.com/cong-ty-tnhh-ningbo-changya-plastic-viet-nam-tuyen-dung-12982199.html,Tây Ninh,15 - 20 triệu,15-04-2021
"<span class=""text text-truncate"">Nhân Viên Quản Lý Đơn Hàng May Mặc Nội Địa Mechandiser</span>",https://timviecnhanh.com/tuyen-nhan-vien-quan-ly-don-hang-may-mac-noi-dia-mechandiser-ha-noi-100044557.html?svs=max_box,https://timviecnhanh.com/cong-ty-co-phan-dau-tu-va-phat-trien-s-h-viet-nam-tuyen-dung-100020004.html,Hà Nội,12 - 15 triệu,05-04-2021
"<span class=""text text-truncate"">Fpt - Nhân Viên Kỹ Thuật Mạng Viễn Thông (Nam Từ Liêm, Hoài Đức, Quốc Oai)</span>",https://timviecnhanh.com/tuyen-fpt-nhan-vien-ky-thuat-mang-vien-thong-nam-tu-liem-hoai-duc-quoc-oai-ha-noi-100043337.html?svs=max_box,https://timviecnhanh.com/cong-ty-cp-vien-thong-fpt-tuyen-dung-13090193.html,Hà Nội,10 - 12 triệu,07-04-2021
"<span class=""text text-truncate"">Nhân Viên Kỹ Thuật - Đi Làm Ngay (Thanh Xuân, Hà Nội)</span>",https://timviecnhanh.com/tuyen-nhan-vien-ky-thuat-di-lam-ngay-thanh-xuan-ha-noi-ha-noi-100043227.html?svs=max_box,https://timviecnhanh.com/cong-ty-tnhh-thiet-bi-cong-nghe-quoc-anh-tuyen-dung-12830843.html,Hà Nội,10 - 12 triệu,09-04-2021
"<span class=""text text-truncate"">Nhân Viên Kế Toán (Cửa Hàng Linh Kiện Điện Thoại)</span>",https://timviecnhanh.com/tuyen-nhan-vien-ke-toan-cua-hang-linh-kien-dien-thoai-ha-noi-100041794.html?svs=max_box,https://timviecnhanh.com/cua-hang-linh-kien-tuyen-rac-tuyen-dung-100021046.html,Hà Nội,7 - 10 triệu,08-04-2021
"<span class=""text text-truncate""><i class=""label-urgent"">(Gấp)</i>Nhân Viên Sửa Chữa Cơ - Điện</span>",https://timviecnhanh.com/tuyen-nhan-vien-sua-chua-co-dien-hai-phong-100040743.html?svs=max_box,https://timviecnhanh.com/cong-ty-co-phan-habeco-hai-phong-tuyen-dung-12960797.html,Hải Phòng,7 - 10 triệu,10-04-2021
"<span class=""text text-truncate"">Nhân Viên Kĩ Thuật Phần Mềm Không Cần Bằng Cấp</span>",https://timviecnhanh.com/tuyen-nhan-vien-ki-thuat-phan-mem-khong-can-bang-cap-ha-noi-100040281.html?svs=max_box,https://timviecnhanh.com/cong-ty-co-phan-thuong-mai-va-phat-trien-tin-hoc-tuyen-dung-13055230.html,Hà Nội,7 - 10 triệu,15-04-2021
"<span class=""text text-truncate"">Giám Sát Công Trường (Kết Cấu Thép)</span>",https://timviecnhanh.com/tuyen-giam-sat-cong-truong-ket-cau-thep-ha-noi-100040150.html?svs=max_box,https://timviecnhanh.com/seico-jsc-tuyen-dung-12964542.html,Hà Nội,12 - 15 triệu,12-04-2021
"<span class=""text text-truncate"">Nhân Viên Tư Vấn - Ngân Hàng Vpbank (Thu Nhập 10 - 15 Triệu) HCM / Hà Nội</span>",https://timviecnhanh.com/tuyen-nhan-vien-tu-van-ngan-hang-vpbank-thu-nhap-10-15-trieu-hcm-ha-noi-ha-noi-100033908.html?svs=max_box,https://timviecnhanh.com/cong-ty-cp-pt-kinh-doanh-thinh-phat-tuyen-dung-12853918.html,Hà NộiTP.HCM,12 - 15 triệu,13-04-2021
"<span class=""text text-truncate"">Đất Xanh Group  - Chuyên Viên Tư Vấn Bđs Cao Cấp (20 Triệu)</span>",https://timviecnhanh.com/tuyen-dat-xanh-group-chuyen-vien-tu-van-bds-cao-cap-20-trieu-tp-hcm-100040054.html?svs=max_box,https://timviecnhanh.com/cong-ty-cp-dv-bds-dat-xanh-tuyen-dung-13067794.html,TP.HCMĐồng Nai,Trên 50 triệu,12-04-2021
"<span class=""text text-truncate"">Trưởng Nhóm Xử Lý Nợ Ngoại Bảng Tại Thực Địa (Miền Đông - Bình Dương, Bình Phước)</span>",https://timviecnhanh.com/tuyen-truong-nhom-xu-ly-no-ngoai-bang-tai-thuc-dia-mien-dong-binh-duong-binh-phuoc-binh-duong-100049183.html?svs=max_box,https://timviecnhanh.com/cong-ty-tai-chinh-tnhh-mtv-ngan-hang-viet-nam-thinh-vuong-tuyen-dung-12530773.html,Bình DươngBình Phước,20 - 25 triệu,21-04-2021
"<span class=""text text-truncate"">Kế Toán Viên - Đi Làm Ngay</span>",https://timviecnhanh.com/tuyen-ke-toan-vien-di-lam-ngay-tp-hcm-100045038.html?svs=max_box,https://timviecnhanh.com/cong-ty-tnhh-dong-a-tuyen-dung-12924933.html,TP.HCM,10 - 12 triệu,20-04-2021
"<span class=""text text-truncate"">Kỹ Sư Điện</span>",https://timviecnhanh.com/tuyen-ky-su-dien-binh-duong-100041924.html?svs=max_box,https://timviecnhanh.com/cong-ty-tnhh-giay-kraft-vina-tuyen-dung-12353413.html,Bình Dương,10 - 12 triệu,19-04-2021
"<span class=""text text-truncate"">Chuyên Viên - Nhân Viên Kinh Doanh (Qhkh Cá Nhân, Doanh Nghiệp)</span>",https://timviecnhanh.com/tuyen-chuyen-vien-nhan-vien-kinh-doanh-qhkh-ca-nhan-doanh-nghiep-tp-hcm-100041692.html?svs=max_box,https://timviecnhanh.com/ngan-hang-tmcp-viet-nam-thuong-tin-tuyen-dung-12727697.html,TP.HCMHà Nội...,7 - 10 triệu,15-04-2021
"<span class=""text text-truncate"">Kỹ Sư Cơ Khí</span>",https://timviecnhanh.com/tuyen-ky-su-co-khi-binh-duong-100041903.html?svs=max_box,https://timviecnhanh.com/cong-ty-tnhh-giay-kraft-vina-tuyen-dung-12353413.html,Bình Dương,7 - 10 triệu,19-04-2021
"<span class=""text text-truncate"">Trưởng Nhóm Quản Lý Chất Lượng Cuộc Gọi</span>",https://timviecnhanh.com/tuyen-truong-nhom-quan-ly-chat-luong-cuoc-goi-tp-hcm-100037500.html?svs=max_box,https://timviecnhanh.com/cong-ty-tnhh-v18-technology-tuyen-dung-12947166.html,TP.HCM,10 - 12 triệu,08-04-2021
"<span class=""text text-truncate"">Nhân Viên Bán Hàng Qua Điện Thoại (Ds Khách Hàng Có Sẵn)</span>",https://timviecnhanh.com/tuyen-nhan-vien-ban-hang-qua-dien-thoai-ds-khach-hang-co-san-tp-hcm-100050403.html?svs=max_box,https://timviecnhanh.com/cong-ty-tai-chinh-tnhh-mtv-ngan-hang-viet-nam-thinh-vuong-tuyen-dung-12530773.html,TP.HCM,12 - 15 triệu,24-04-2021
"<span class=""text text-truncate"">Nhân Viên Thủ Kho - Bình Dương</span>",https://timviecnhanh.com/tuyen-nhan-vien-thu-kho-binh-duong-binh-duong-100045176.html?svs=max_box,https://timviecnhanh.com/cong-ty-tnhh-mtv-ong-thep-hoa-phat-binh-duong-tuyen-dung-10006101.html,Bình Dương,7 - 10 triệu,07-04-2021
"<span class=""text text-truncate""><i class=""label-urgent"">(Gấp)</i>Ngân Hàng Scb – Chuyện Viên Tư Vấn Tài Chính Bancassurance</span>",https://timviecnhanh.com/tuyen-ngan-hang-scb-chuyen-vien-tu-van-tai-chinh-bancassurance-khanh-hoa-100032969.html?svs=max_box,https://timviecnhanh.com/cong-ty-tnhh-manulife-viet-nam-tuyen-dung-12724227.html,Khánh HòaBình Định...,10 - 12 triệu,05-04-2021
"<span class=""text text-truncate"">Nhân Viên Quản Lý Chất Lượng (Qa)</span>",https://timviecnhanh.com/tuyen-nhan-vien-quan-ly-chat-luong-qa-tp-hcm-100034546.html?svs=max_box,https://timviecnhanh.com/cong-ty-tnhh-mtv-vien-thong-quoc-te-fpt-tuyen-dung-10043960.html,TP.HCM,12 - 15 triệu,15-04-2021
"<span class=""text text-truncate"">Nhân Viên Thu Phí Thị Trường HCM &amp; Các Tỉnh Từ Quảng Ngãi Và Miền Đông</span>",https://timviecnhanh.com/tuyen-nhan-vien-thu-phi-thi-truong-hcm-cac-tinh-tu-quang-ngai-va-mien-dong-tp-hcm-100048135.html?svs=max_box,https://timviecnhanh.com/cong-ty-tai-chinh-tnhh-mtv-ngan-hang-viet-nam-thinh-vuong-tuyen-dung-12530773.html,TP.HCMBình Dương...,10 - 12 triệu,24-04-2021
"<span class=""text text-truncate"">Nhân Viên Thu Phí Thị Trường Các Tỉnh Đồng Bằng Sông Cửu Long</span>",https://timviecnhanh.com/tuyen-nhan-vien-thu-phi-thi-truong-cac-tinh-dong-bang-song-cuu-long-kien-giang-100048130.html?svs=max_box,https://timviecnhanh.com/cong-ty-tai-chinh-tnhh-mtv-ngan-hang-viet-nam-thinh-vuong-tuyen-dung-12530773.html,Kiên GiangTiền Giang...,12 - 15 triệu,23-04-2021
"<span class=""text text-truncate"">Chuyên Viên Kinh Doanh Bđs (Đất Xanh)</span>",https://timviecnhanh.com/tuyen-chuyen-vien-kinh-doanh-bds-dat-xanh-tp-hcm-100039896.html?svs=max_box,https://timviecnhanh.com/cong-ty-cp-dt-va-dv-dat-xanh-mien-nam-tuyen-dung-12693992.html,TP.HCM,Trên 50 triệu,12-04-2021
"<span class=""text text-truncate"">[Q1-HCM] Nhân Viên Telemarketing (Call Center)</span>",https://timviecnhanh.com/tuyen-q1-hcm-nhan-vien-telemarketing-call-center-tp-hcm-100040394.html?svs=max_box,https://timviecnhanh.com/cong-ty-tnhh-khu-du-lich-vinh-thien-duong-alma-tuyen-dung-13007745.html,TP.HCM,7 - 10 triệu,14-04-2021
"<span class=""text text-truncate"">Nhân Viên Nhắc Nợ Qua Điện Thoại - Tp.HCM</span>",https://timviecnhanh.com/tuyen-nhan-vien-nhac-no-qua-dien-thoai-tp-hcm-tp-hcm-100048138.html?svs=max_box,https://timviecnhanh.com/cong-ty-tai-chinh-tnhh-mtv-ngan-hang-viet-nam-thinh-vuong-tuyen-dung-12530773.html,TP.HCM,10 - 12 triệu,24-04-2021
"<span class=""text text-truncate"">Nhân Viên Tư Vấn Chăm Sóc Khách Hàng - Đi Làm Ngay</span>",https://timviecnhanh.com/tuyen-nhan-vien-tu-van-cham-soc-khach-hang-di-lam-ngay-tp-hcm-100045981.html?svs=max_box,https://timviecnhanh.com/cong-ty-tnhh-mtv-g-a-minh-long-phat-tuyen-dung-13080930.html,TP.HCM,10 - 12 triệu,13-04-2021
"<span class=""text text-truncate"">Nhân Viên Kinh Doanh Tai Hà Nội Thu Nhập 30 Triệu / Tháng</span>",https://timviecnhanh.com/tuyen-nhan-vien-kinh-doanh-tai-ha-noi-thu-nhap-30-trieu-thang-ha-noi-100037420.html?svs=max_box,https://timviecnhanh.com/cong-ty-tnhh-khu-du-lich-vinh-thien-duong-alma-tuyen-dung-13089813.html,Hà Nội,25 - 30 triệu,11-04-2021
"<span class=""text text-truncate"">NV Tư Vấn Bán Hàng Ôtô Tại Tp HCM Và Tp Tây Ninh</span>",https://timviecnhanh.com/tuyen-nv-tu-van-ban-hang-oto-tai-tp-hcm-va-tp-tay-ninh-tp-hcm-100042747.html?svs=max_box,https://timviecnhanh.com/cong-ty-tnhh-toyota-ly-thuong-kiet-tuyen-dung-12933598.html,TP.HCMTây Ninh,15 - 20 triệu,10-04-2021
"<span class=""text text-truncate"">Kỹ Thuật Viên Bảo Trì Tại Bình Dương (Ưu Tiên Cơ Khí)</span>",https://timviecnhanh.com/tuyen-ky-thuat-vien-bao-tri-tai-binh-duong-uu-tien-co-khi-binh-duong-100045298.html?svs=max_box,https://timviecnhanh.com/cong-ty-tnhh-bel-viet-nam-tuyen-dung-13019386.html,Bình Dương,7 - 10 triệu,07-04-2021
"<span class=""text text-truncate"">Giám Sát Bán Hàng Trực Tiếp - Toàn Quốc</span>",https://timviecnhanh.com/tuyen-giam-sat-ban-hang-truc-tiep-toan-quoc-tp-hcm-100049871.html?svs=max_box,https://timviecnhanh.com/cong-ty-tai-chinh-tnhh-mtv-ngan-hang-viet-nam-thinh-vuong-tuyen-dung-12530773.html,TP.HCMAn Giang...,12 - 15 triệu,24-04-2021
"<span class=""text text-truncate"">Tổng Đài Viên Tư Vấn Sản Phẩm Chiến Lược Giờ Hành Chính - Có Sẵn Data Khách Hàng</span>",https://timviecnhanh.com/tuyen-tong-dai-vien-tu-van-san-pham-chien-luoc-gio-hanh-chinh-co-san-data-khach-hang-tp-hcm-100030476.html?svs=max_box,https://timviecnhanh.com/cong-ty-tai-chinh-tnhh-mtv-ngan-hang-viet-nam-thinh-vuong-tuyen-dung-12530773.html,TP.HCM,7 - 10 triệu,31-03-2021
"<span class=""text text-truncate"">Telesales / NV Tư Vấn Qua Điện Thoại Sữa Friso Khu Vực Bình Dương</span>",https://timviecnhanh.com/tuyen-telesales-nv-tu-van-qua-dien-thoai-sua-friso-khu-vuc-binh-duong-binh-duong-100050577.html?svs=max_box,https://timviecnhanh.com/cong-ty-co-phan-l-a-tuyen-dung-12979742.html,Bình DươngHà Nội,15 - 20 triệu,06-04-2021
"<span class=""text text-truncate"">Kế Toán Nội Bộ</span>",https://timviecnhanh.com/tuyen-ke-toan-noi-bo-tp-hcm-100050246.html?svs=max_box,https://timviecnhanh.com/cong-ty-tnhh-sx-tm-dv-pnf-tuyen-dung-13105940.html,TP.HCM,7 - 10 triệu,27-04-2021
"<span class=""text text-truncate"">Nhân Viên Bảo Trì Máy - Quận 9</span>",https://timviecnhanh.com/tuyen-nhan-vien-bao-tri-may-quan-9-tp-hcm-100050401.html?svs=max_box,https://timviecnhanh.com/cong-ty-tnhh-thuong-mai-dich-vu-ky-thuat-chung-ta-tuyen-dung-12724092.html,TP.HCM,10 - 12 triệu,13-04-2021
"<span class=""text text-truncate"">[Nữ] Nhân Viên Kế Toán</span>",https://timviecnhanh.com/tuyen-nu-nhan-vien-ke-toan-tp-hcm-100050409.html?svs=max_box,https://timviecnhanh.com/cong-ty-cp-takahiro-tuyen-dung-12582385.html,TP.HCM,7 - 10 triệu,15-04-2021
"<span class=""text text-truncate"">[Nữ] Nhân Viên Kế Toán</span>",https://timviecnhanh.com/tuyen-nu-nhan-vien-ke-toan-tp-hcm-100050409.html?svs=max_box,https://timviecnhanh.com/cong-ty-cp-takahiro-tuyen-dung-12582385.html,TP.HCM,7 - 10 triệu,15-04-2021
"<span class=""text text-truncate"">Nhân Viên Tư Vấn Bán Hàng Tại Đà Nẵng (Nữ)</span>",https://timviecnhanh.com/tuyen-nhan-vien-tu-van-ban-hang-tai-da-nang-nu-da-nang-100050184.html?svs=max_box,https://timviecnhanh.com/cong-ty-tnhh-mot-thanh-vien-thien-ky-tam-tuyen-dung-12855226.html,Đà NẵngQuảng Nam...,7 - 10 triệu,30-04-2021
"<span class=""text text-truncate"">Nhân Viên Kinh Doanh (Thu Nhập Từ 12-20 Triệu)</span>",https://timviecnhanh.com/tuyen-nhan-vien-kinh-doanh-thu-nhap-tu-12-20-trieu-tp-hcm-100040584.html?svs=max_box,https://timviecnhanh.com/cong-ty-co-phan-dvn-da-nang-tuyen-dung-13092618.html,TP.HCMĐà Nẵng...,15 - 20 triệu,10-04-2021
"<span class=""text text-truncate"">Nhân Viên Kế Toán</span>",https://timviecnhanh.com/tuyen-nhan-vien-ke-toan-tp-hcm-100050220.html?svs=max_box,https://timviecnhanh.com/cong-ty-co-phan-sundial-pharma-tuyen-dung-12837353.html,TP.HCM,7 - 10 triệu,12-04-2021
"<span class=""text text-truncate"">Nhân Viên Kỹ Thuật Lắp Mạng Internet - Lương từ 10tr</span>",https://timviecnhanh.com/tuyen-nhan-vien-ky-thuat-lap-mang-internet-luong-tu-10tr-ha-noi-100039507.html?svs=max_box,https://timviecnhanh.com/cong-ty-tnhh-ha-tang-vien-thong-mien-bac-tuyen-dung-12868338.html,Hà Nội,10 - 12 triệu,12-04-2021
"<span class=""text text-truncate"">Chuyên Viên Tư Vấn Tuyển Sinh (Đi Làm Ngay)</span>",https://timviecnhanh.com/tuyen-chuyen-vien-tu-van-tuyen-sinh-di-lam-ngay-tp-hcm-100049931.html?svs=max_box,https://timviecnhanh.com/trung-tam-anh-ngu-ref-tuyen-dung-12608475.html,TP.HCM,10 - 12 triệu,10-04-2021
"<span class=""text text-truncate"">Cộng Tác Viên Thẩm Định Hiện Trường (Bình Dương, Đồng Nai, Trà Vinh)</span>",https://timviecnhanh.com/tuyen-cong-tac-vien-tham-dinh-hien-truong-binh-duong-dong-nai-tra-vinh-ha-noi-100050155.html?svs=max_box,https://timviecnhanh.com/ngan-hang-thuong-mai-co-phan-phuong-dong-ocb-tuyen-dung-12709139.html,Hà NộiTP.HCM...,5 - 7 triệu,26-04-2021
"<span class=""text text-truncate"">Nhân Viên Chứng Từ Xuất Nhập Khẩu</span>",https://timviecnhanh.com/tuyen-nhan-vien-chung-tu-xuat-nhap-khau-ha-noi-100050137.html?svs=max_box,https://timviecnhanh.com/cong-ty-cp-thiet-bi-y-te-va-thuong-mai-hoa-cam-chuong-tuyen-dung-12853947.html,Hà Nội,7 - 10 triệu,20-04-2021
"<span class=""text text-truncate"">Kỹ Thuật Viên Công Nghệ Thông Tin</span>",https://timviecnhanh.com/tuyen-ky-thuat-vien-cong-nghe-thong-tin-tp-hcm-100047801.html?svs=max_box,https://timviecnhanh.com/cong-ty-tnhh-tin-hoc-vien-thong-tien-phat-tuyen-dung-12834735.html,TP.HCMBình Dương...,7 - 10 triệu,11-04-2021
"<span class=""text text-truncate"">Nhân Viên Bán Hàng Điện Tử Tại Showroom Quận 10 HCM</span>",https://timviecnhanh.com/tuyen-nhan-vien-ban-hang-dien-tu-tai-showroom-quan-10-hcm-tp-hcm-100050083.html?svs=max_box,https://timviecnhanh.com/cong-ty-cp-tm-dien-tu-dan-xuan-tuyen-dung-100025370.html,TP.HCM,7 - 10 triệu,24-04-2021
"<span class=""text text-truncate"">Chuyên Viên Tư Vấn Tài Chính - Bảo Hiểm - Manulife Việt Nam</span>",https://timviecnhanh.com/tuyen-chuyen-vien-tu-van-tai-chinh-bao-hiem-manulife-viet-nam-tp-hcm-100039531.html?svs=max_box,https://timviecnhanh.com/cong-ty-tnhh-manulife-viet-nam-tuyen-dung-100010285.html,TP.HCM,25 - 30 triệu,17-04-2021
"<span class=""text text-truncate"">Nhân Viên Biên Kịch (Viết Kịch Bản)</span>",https://timviecnhanh.com/tuyen-nhan-vien-bien-kich-viet-kich-ban-tp-hcm-100049916.html?svs=max_box,https://timviecnhanh.com/cty-tnhh-mtv-thien-nhien-viet-tuyen-dung-12883508.html,TP.HCM,7 - 10 triệu,30-04-2021
"<span class=""text text-truncate"">Chuyên Viên Quay, Dựng Phim (Video Editor)</span>",https://timviecnhanh.com/tuyen-chuyen-vien-quay-dung-phim-video-editor-tp-hcm-100049924.html?svs=max_box,https://timviecnhanh.com/cty-tnhh-mtv-thien-nhien-viet-tuyen-dung-12883508.html,TP.HCM,10 - 12 triệu,15-04-2021
"<span class=""text text-truncate"">Quản Lý Tiềm Năng Thu Nhập Trên 15 Triệu</span>",https://timviecnhanh.com/tuyen-quan-ly-tiem-nang-thu-nhap-tren-15-trieu-tp-hcm-100012671.html?svs=max_box,https://timviecnhanh.com/cong-ty-tnhh-bao-hiem-nhan-tho-cathay-viet-nam-tuyen-dung-13101562.html,TP.HCM,15 - 20 triệu,12-04-2021
"<span class=""text text-truncate"">Chuyên Viên Kinh Doanh Xuất Khẩu (Hàng Decor Nội Thất Và Mỹ Nghệ)</span>",https://timviecnhanh.com/tuyen-chuyen-vien-kinh-doanh-xuat-khau-hang-decor-noi-that-va-my-nghe-tp-hcm-100049678.html?svs=max_box,https://timviecnhanh.com/cong-ty-tnhh-thuong-mai-anh-binh-minh-tuyen-dung-12762880.html,TP.HCM,10 - 12 triệu,10-04-2021
"<span class=""text text-truncate"">Chuyên Viên Tư Vấn Hồ Sơ Du Học</span>",https://timviecnhanh.com/tuyen-chuyen-vien-tu-van-ho-so-du-hoc-tp-hcm-100049451.html?svs=max_box,https://timviecnhanh.com/cong-ty-tnhh-tu-van-du-hoc-new-world-tuyen-dung-12642586.html,TP.HCMĐà Nẵng...,7 - 10 triệu,21-04-2021
"<span class=""text text-truncate"">Chuyên Viên Đặt Lịch Hẹn Qua Điện Thoại - Hà Nội</span>",https://timviecnhanh.com/tuyen-chuyen-vien-dat-lich-hen-qua-dien-thoai-ha-noi-ha-noi-100027389.html?svs=max_box,https://timviecnhanh.com/cong-ty-tnhh-venesa-tuyen-dung-13076739.html,Hà Nội,7 - 10 triệu,02-04-2021
"<span class=""text text-truncate"">Nhân Viên Kỹ Thuật Lương Trên 10 Triệu</span>",https://timviecnhanh.com/tuyen-nhan-vien-ky-thuat-luong-tren-10-trieu-ha-noi-100049489.html?svs=max_box,https://timviecnhanh.com/cong-ty-tnhh-thiet-bi-do-luong-va-kiem-nghiem-tuyen-dung-100024705.html,Hà Nội,10 - 12 triệu,11-04-2021
"<span class=""text text-truncate"">Nữ Chăm Sóc Khách Hàng Ngành Dược Thu Nhập Từ 10 Đến 20 Triệu / Tháng</span>",https://timviecnhanh.com/tuyen-nu-cham-soc-khach-hang-nganh-duoc-thu-nhap-tu-10-den-20-trieu-thang-tp-hcm-100049508.html?svs=max_box,https://timviecnhanh.com/cong-ty-tnhh-than-ky-viet-nam-tuyen-dung-13081487.html,TP.HCM,15 - 20 triệu,10-04-2021
"<span class=""text text-truncate"">Nhân Viên Cắt Và Đếm Giấy Trong Kho (Nam)</span>",https://timviecnhanh.com/tuyen-nhan-vien-cat-va-dem-giay-trong-kho-nam-ha-noi-100045336.html?svs=max_box,https://timviecnhanh.com/cong-ty-cp-dau-tu-quoc-te-nhan-hoa-tuyen-dung-12632469.html,Hà Nội,5 - 7 triệu,15-04-2021
